Domain Name,Domain Type,Agency,City,State
60jahresozialstaat.de,Federal Agency,Bundesministerium für Arbeit und Soziales,,
a9digital.de,Federal Agency,Bundesministerium für Verkehr und digitale Infrastruktur,,
adele-esf.de,Federal Agency,Bundesministerium für Arbeit und Soziales,,
agrowetter.de,Federal Agency,Deutscher Wetterdienst,,
agrowetter.eu,Federal Agency,Deutscher Wetterdienst,,
xn--allianz-fr-arbeitskrfte-f8b20d.de,Federal Agency,Bundesministerium für Arbeit und Soziales,,
xn--allianz-fr-fachkrfte-rzb33c.de,Federal Agency,Bundesministerium für Arbeit und Soziales,,
allianz-fuer-arbeitskraefte.de,Federal Agency,Bundesministerium für Arbeit und Soziales,,
allianz-fuer-fachkraefte.de,Federal Agency,Bundesministerium für Arbeit und Soziales,,
alpenflugwetter.com,Federal Agency,Deutscher Wetterdienst,,
alpenflugwetter.de,Federal Agency,Deutscher Wetterdienst,,
alpenflugwetter.eu,Federal Agency,Deutscher Wetterdienst,,
alpenwetter.eu,Federal Agency,Deutscher Wetterdienst,,
altersvorsorgemachtschule.com,Federal Agency,Bundesministerium für Arbeit und Soziales,,
altersvorsorgemachtschule.de,Federal Agency,Bundesministerium für Arbeit und Soziales,,
altersvorsorgemachtschule.info,Federal Agency,Bundesministerium für Arbeit und Soziales,,
altersvorsorgemachtschule.net,Federal Agency,Bundesministerium für Arbeit und Soziales,,
altersvorsorgemachtschule.org,Federal Agency,Bundesministerium für Arbeit und Soziales,,
anticorruption.help,Federal Agency,Bundesverwaltungsamt,,
arb-5.de,Federal Agency,Bundesministerium für Arbeit und Soziales,,
arbeit-4-null.de,Federal Agency,Bundesministerium für Arbeit und Soziales,,
arbeit-4-punkt-null.de,Federal Agency,Bundesministerium für Arbeit und Soziales,,
arbeitderzukunft.de,Federal Agency,Bundesministerium für Arbeit und Soziales,,
arbeiten-4-0.de,Federal Agency,Bundesministerium für Arbeit und Soziales,,
arbeiten4null.de,Federal Agency,Bundesministerium für Arbeit und Soziales,,
arbeiten4punktnull.de,Federal Agency,Bundesministerium für Arbeit und Soziales,,
arbeitenbis67.de,Federal Agency,Bundesministerium für Arbeit und Soziales,,
arbeitenviernull.de,Federal Agency,Bundesministerium für Arbeit und Soziales,,
arbeitenvierpunktnull.de,Federal Agency,Bundesministerium für Arbeit und Soziales,,
arbeit-psyche.de,Federal Agency,Bundesministerium für Arbeit und Soziales,,
arbeitsagentur.de,Federal Agency,Bundesagentur für Arbeit,,
arbeitsmarktreform.de,Federal Agency,Bundesministerium für Arbeit und Soziales,,
arbeitsministerium.eu,Federal Agency,Bundesministerium für Arbeit und Soziales,,
arbeitsschutz-forschung.de,Federal Agency,Bundesministerium für Arbeit und Soziales,,
arbeitvierpunktnull.de,Federal Agency,Bundesministerium für Arbeit und Soziales,,
armutsbericht.de,Federal Agency,Bundesministerium für Arbeit und Soziales,,
armutsundreichtumsbericht.de,Federal Agency,Bundesministerium für Arbeit und Soziales,,
ausbildungsportal.org,Federal Agency,Bundesverwaltungsamt,,
auslandschulwesen.de,Federal Agency,Bundesverwaltungsamt,,
auslandsschulportal.de,Federal Agency,Bundesverwaltungsamt,,
auslandsschulwesen.de,Federal Agency,Bundesverwaltungsamt,,
auslandsschulwesen.eu,Federal Agency,Bundesverwaltungsamt,,
auslandsschulwesen.net,Federal Agency,Bundesverwaltungsamt,,
auswaertiges-amt.de,Federal Agency,Auswärtiges Amt,,
auswanderungswesen.de,Federal Agency,Bundesverwaltungsamt,,
aviation-weather.eu,Federal Agency,Deutscher Wetterdienst,,
badv.bund.de,Federal Agency,Bundesamt für zentrale Dienste und offene Vermögensfragen,,
bafa.de,Federal Agency,Bundesamt für Wirtschaft und Ausfuhrkontrolle,,
bafg.de,Federal Agency,Bundesanstalt für Gewässerkunde,,
bafoeg.online,Federal Agency,Bundesverwaltungsamt,,
bafoeg-rueckzahlung.de,Federal Agency,Bundesverwaltungsamt,,
bafza.de,Federal Agency,Bundesamt für Familie und zivilgesellschaftliche Aufgaben,,
bag.bund.de,Federal Agency,Bundesamt für Güterverkehr,,
ballonwetter.de,Federal Agency,Deutscher Wetterdienst,,
ballonwetter.eu,Federal Agency,Deutscher Wetterdienst,,
bam.de,Federal Agency,Bundesanstalt für Materialforschung und -prüfung,,
bamf.de,Federal Agency,Bundesamt für Migration und Flüchtlinge,,
bankenunion.de,Federal Agency,Bundesministerium der Finanzen,,
ba-reform.de,Federal Agency,Bundesministerium für Arbeit und Soziales,,
bast.de,Federal Agency,Bundesanstalt für Straßenwesen,,
bauminister.de,Federal Agency,Bundesministerium für Verkehr und digitale Infrastruktur,,
baw.de,Federal Agency,Bundesanstalt für Wasserbau,,
bbk.bund.de,Federal Agency,Bundesamt für Bevölkerungsschutz und Katastrophenhilfe,,
bbr.bund.de,Federal Agency,Bundesamt für Bauwesen und Raumordnung,,
behindern-ist-heilbar.de,Federal Agency,Bundesministerium für Arbeit und Soziales,,
beirat-raumentwicklung.de,Federal Agency,Bundesministerium für Verkehr und digitale Infrastruktur,,
beschaeftigtebeteiligen.de,Federal Agency,Bundesministerium für Arbeit und Soziales,,
beschaeftigung-aelterer.de,Federal Agency,Bundesministerium für Arbeit und Soziales,,
xn--beschftigtebeteiligen-91b.de,Federal Agency,Bundesministerium für Arbeit und Soziales,,
xn--beschftigung-gestalten-44b.de,Federal Agency,Bundesministerium für Arbeit und Soziales,,
bev.bund.de,Federal Agency,Bundeseisenbahnvermögen,,
bfarm.de,Federal Agency,Bundesinstitut für Arzneimittel und Medizinprodukte,,
bfb-bund.de,Federal Agency,Bundesmonopolverwaltung für Branntwein,,
bfe.bund.de,Federal Agency,Bundesamt für kerntechnische Entsorgung,,
bfn.de,Federal Agency,Bundesamt für Naturschutz,,
bfs.de,Federal Agency,Bundesamt für Strahlenschutz,,
bfu-web.de,Federal Agency,Bundesstelle für Flugunfalluntersuchung,,
bgr.bund.de,Federal Agency,Bundesanstalt für Geowissenschaften und Rohstoffe,,
bildungskredit.de,Federal Agency,Bundesverwaltungsamt,,
bildungskredit.online,Federal Agency,Bundesverwaltungsamt,,
bildungspaket-bmas.de,Federal Agency,Bundesministerium für Arbeit und Soziales,,
bitvlotse.de,Federal Agency,Bundesministerium für Arbeit und Soziales,,
bka.de,Federal Agency,Bundeskriminalamt,,
bkg.bund.de,Federal Agency,Bundesamt für Kartographie und Geodäsie,,
bma.de,Federal Agency,Bundesministerium für Arbeit und Soziales,,
bmas-alleinerziehende.de,Federal Agency,Bundesministerium für Arbeit und Soziales,,
bmas.de,Federal Agency,Bundesministerium für Arbeit und Soziales,,
bmas.eu,Federal Agency,Bundesministerium für Arbeit und Soziales,,
bmas.mobi,Federal Agency,Bundesministerium für Arbeit und Soziales,,
bmbf.de,Federal Agency,Bundesministerium für Bildung und Forschung,,
bmel.de,Federal Agency,Bundesministerium für Ernährung und Landwirtschaft,,
bmfsfj.de,Federal Agency,"Bundesministerium für Familie, Senioren, Frauen und Jugend",,
bmg.bund.de,Federal Agency,Bundesministerium für Gesundheit,,
bmi.bund.de,Federal Agency,Bundesministerium des Innern,,
bmjv.de,Federal Agency,Bundesministerium der Justiz und für Verbraucherschutz,,
bmub.de,Federal Agency,"Bundesministerium für Umwelt, Naturschutz, Bau und Reaktorsicherheit",,
bmvbs.de,Federal Agency,Bundesministerium für Verkehr und digitale Infrastruktur,,
bmvg.de,Federal Agency,Bundesministerium der Verteidigung,,
bmvi.de,Federal Agency,Bundesministerium für Verkehr und digitale Infrastruktur,,
bmvi.eu,Federal Agency,Bundesministerium für Verkehr und digitale Infrastruktur,,
bmvi.info,Federal Agency,Bundesministerium für Verkehr und digitale Infrastruktur,,
bmvi.net,Federal Agency,Bundesministerium für Verkehr und digitale Infrastruktur,,
bmvi.org,Federal Agency,Bundesministerium für Verkehr und digitale Infrastruktur,,
bmwi.de,Federal Agency,Bundesministerium für Wirtschaft und Energie,,
bmz.de,Federal Agency,Bundesministerium für wirtschaftliche Zusammenarbeit und Entwicklung,,
bnd.de,Federal Agency,Bundesnachrichtendienst,,
bpatg.de,Federal Agency,Bundespatentgericht,,
breitbandatlas.de,Federal Agency,Bundesministerium für Verkehr und digitale Infrastruktur,,
briefing4aviation.com,Federal Agency,Deutscher Wetterdienst,,
briefing4aviation.de,Federal Agency,Deutscher Wetterdienst,,
briefing4aviation.eu,Federal Agency,Deutscher Wetterdienst,,
briefing4pilot.com,Federal Agency,Deutscher Wetterdienst,,
briefing4pilot.de,Federal Agency,Deutscher Wetterdienst,,
briefing4pilot.eu,Federal Agency,Deutscher Wetterdienst,,
bsh.de,Federal Agency,Bundesamt für Seeschifffahrt und Hydrographie,,
bsi.bund.de,Federal Agency,Bundesamt für Sicherheit in der Informationstechnik,,
bstu.bund.de,Federal Agency,Bundesbeauftragter für die Unterlagen des Staatssicherheitsdienstes der ehemaligen DDR,,
bsu-bund.de,Federal Agency,Bundesstelle für Seeunfalluntersuchung,,
budget.bmas.de,Federal Agency,Bundesministerium für Arbeit und Soziales,,
budget.bmas.mobi,Federal Agency,Bundesministerium für Arbeit und Soziales,,
bundesarbeitsgericht.de,Federal Agency,Bundesarbeitsgericht,,
bundesarbeitsministerium.de,Federal Agency,Bundesministerium für Arbeit und Soziales,,
bundesarbeitsministerium.eu,Federal Agency,Bundesministerium für Arbeit und Soziales,,
bundesarchiv.de,Federal Agency,Bundesarchiv,,
bundesausgleichsamt.de,Federal Agency,Bundesausgleichsamt,,
bundesbank.de,Federal Agency,Deutsche Bundesbank,,
bundesbauminister.com,Federal Agency,Bundesministerium für Verkehr und digitale Infrastruktur,,
bundesbauminister.de,Federal Agency,Bundesministerium für Verkehr und digitale Infrastruktur,,
bundesbauministerium.com,Federal Agency,Bundesministerium für Verkehr und digitale Infrastruktur,,
bundesbauministerium.de,Federal Agency,Bundesministerium für Verkehr und digitale Infrastruktur,,
bundesbauministerium.net,Federal Agency,Bundesministerium für Verkehr und digitale Infrastruktur,,
bundesbauministerium.org,Federal Agency,Bundesministerium für Verkehr und digitale Infrastruktur,,
bundesbauminister.net,Federal Agency,Bundesministerium für Verkehr und digitale Infrastruktur,,
bundesbauminister.org,Federal Agency,Bundesministerium für Verkehr und digitale Infrastruktur,,
bundesfinanzhof.de,Federal Agency,Bundesfinanzhof,,
bundesfinanzministerium.de,Federal Agency,Bundesministerium der Finanzen,,
bundesgerichtshof.de,Federal Agency,Bundesgerichtshof,,
bundeshaushalt-info.de,Federal Agency,Bundesministerium der Finanzen,,
bundesinfrastrukturministerium.de,Federal Agency,Bundesministerium für Verkehr und digitale Infrastruktur,,
bundesjustizamt.de,Federal Agency,Bundesamt für Justiz,,
bundeskanzleramt.de,Federal Agency,Bundeskanzleramt,,
bundeskanzlerin.de,Federal Agency,Bundeskanzlerin,,
bundeskartellamt.de,Federal Agency,Bundeskartellamt,,
bundesministerium-fuer-arbeit-und-soziales.eu,Federal Agency,Bundesministerium für Arbeit und Soziales,,
bundesministerium-fuer-stadtentwicklung.de,Federal Agency,Bundesministerium für Verkehr und digitale Infrastruktur,,
bundesnetzagentur.de,Federal Agency,Bundesnetzagentur,,
bundespolizei.de,Federal Agency,Bundespolizeipräsidium,,
bundespraesident.de,Federal Agency,Bundespräsident,,
bundespruefstelle.de,Federal Agency,Bundesprüfstelle für jugendgefährdende Medien,,
bundesrat.de,Federal Agency,Bundesrat,,
bundesrechnungshof.de,Federal Agency,Bundesrechnungshof,,
bundesregierung.de,Federal Agency,Bundesregierung,,
bundessortenamt.de,Federal Agency,Bundessortenamt,,
bundessozialgericht.de,Federal Agency,Bundessozialgericht,,
bundessozialministerium.de,Federal Agency,Bundesministerium für Arbeit und Soziales,,
bundessozialministerium.eu,Federal Agency,Bundesministerium für Arbeit und Soziales,,
bundessprachenamt.de,Federal Agency,Bundessprachenamt,,
bundesstelle-fuer-informationstechnik.de,Federal Agency,Bundesverwaltungsamt,,
bundestag.de,Federal Agency,Deutscher Bundestag,,
bundesverfassungsgericht.de,Federal Agency,Bundesverfassungsgericht,,
bundesverkehrsminister.com,Federal Agency,Bundesministerium für Verkehr und digitale Infrastruktur,,
bundesverkehrsminister.de,Federal Agency,Bundesministerium für Verkehr und digitale Infrastruktur,,
bundesverkehrsministerium.com,Federal Agency,Bundesministerium für Verkehr und digitale Infrastruktur,,
bundesverkehrsministerium.de,Federal Agency,Bundesministerium für Verkehr und digitale Infrastruktur,,
bundesverkehrsministerium.net,Federal Agency,Bundesministerium für Verkehr und digitale Infrastruktur,,
bundesverkehrsministerium.org,Federal Agency,Bundesministerium für Verkehr und digitale Infrastruktur,,
bundesverkehrsminister.net,Federal Agency,Bundesministerium für Verkehr und digitale Infrastruktur,,
bundesverkehrsminister.org,Federal Agency,Bundesministerium für Verkehr und digitale Infrastruktur,,
bundesversicherungsamt.de,Federal Agency,Bundesversicherungsamt,,
bundesverwaltungsamt.de,Federal Agency,Bundesverwaltungsamt,,
bundesverwaltungsgericht.de,Federal Agency,Bundesverwaltungsgericht,,
bundeswehr-karriere.de,Federal Agency,Bundesamt für das Personalmanagement der Bundeswehr,,
bund.online,Federal Agency,Bundesverwaltungsamt,,
bund.services,Federal Agency,Bundesverwaltungsamt,,
bva.bund.de,Federal Agency,Bundesverwaltungsamt,,
bva-dienstleistungszentrum.de,Federal Agency,Bundesverwaltungsamt,,
bva.services,Federal Agency,Bundesverwaltungsamt,,
bva.website,Federal Agency,Bundesverwaltungsamt,,
bvl.bund.de,Federal Agency,Bundesamt für Verbraucherschutz und Lebensmittelsicherheit,,
bvwp2015.de,Federal Agency,Bundesministerium für Verkehr und digitale Infrastruktur,,
bzga.de,Federal Agency,Bundeszentrale für gesundheitliche Aufklärung,,
bzst.bund.de,Federal Agency,Bundeszentralamt für Steuern,,
caf-netzwerk.de,Federal Agency,Bundesverwaltungsamt,,
cerwis.eu,Federal Agency,Deutscher Wetterdienst,,
chancen-mit-erfahrung.de,Federal Agency,Bundesministerium für Arbeit und Soziales,,
climatemonitoring.de,Federal Agency,Deutscher Wetterdienst,,
climatemonitoring.eu,Federal Agency,Deutscher Wetterdienst,,
climateservice.eu,Federal Agency,Deutscher Wetterdienst,,
climateservices.de,Federal Agency,Deutscher Wetterdienst,,
climateservices.eu,Federal Agency,Deutscher Wetterdienst,,
cmsaf.eu,Federal Agency,Deutscher Wetterdienst,,
csrindeutschland.de,Federal Agency,Bundesministerium für Arbeit und Soziales,,
csringermany.de,Federal Agency,Bundesministerium für Arbeit und Soziales,,
csrmadeingermany.de,Federal Agency,Bundesministerium für Arbeit und Soziales,,
csr-preis-bund.de,Federal Agency,Bundesministerium für Arbeit und Soziales,,
csr-unternehmenswerte.de,Federal Agency,Bundesministerium für Arbeit und Soziales,,
das-bildungspaket.de,Federal Agency,Bundesministerium für Arbeit und Soziales,,
das-demographie-netzwerk.de,Federal Agency,Bundesministerium für Arbeit und Soziales,,
das-halbe-leben.com,Federal Agency,Bundesministerium für Arbeit und Soziales,,
dashalbeleben.de,Federal Agency,Bundesministerium für Arbeit und Soziales,,
das-halbe-leben.net,Federal Agency,Bundesministerium für Arbeit und Soziales,,
das-jobcenter.de,Federal Agency,Bundesministerium für Arbeit und Soziales,,
das-rentenpaket.de,Federal Agency,Bundesministerium für Arbeit und Soziales,,
das-rentenreformpaket.de,Federal Agency,Bundesministerium für Arbeit und Soziales,,
dates-esf.de,Federal Agency,Bundesministerium für Arbeit und Soziales,,
dates-esf-test.de,Federal Agency,Bundesministerium für Arbeit und Soziales,,
demograf.de,Federal Agency,Bundesministerium für Arbeit und Soziales,,
der-demograf.de,Federal Agency,Bundesministerium für Arbeit und Soziales,,
der-mindestlohn.de,Federal Agency,Bundesministerium für Arbeit und Soziales,,
der-mindestlohn-gilt.de,Federal Agency,Bundesministerium für Arbeit und Soziales,,
der-mindestlohn-kommt.de,Federal Agency,Bundesministerium für Arbeit und Soziales,,
der-mindestlohn-wirkt.de,Federal Agency,Bundesministerium für Arbeit und Soziales,,
destatis.de,Federal Agency,Statistisches Bundesamt,,
deutscher-klimaatlas.de,Federal Agency,Deutscher Wetterdienst,,
deutscher-wetterdienst.com,Federal Agency,Deutscher Wetterdienst,,
deutscher-wetterdienst.de,Federal Agency,Deutscher Wetterdienst,,
deutscher-wetterdienst.eu,Federal Agency,Deutscher Wetterdienst,,
deutsches-klimaportal.de,Federal Agency,Deutscher Wetterdienst,,
deutschland-wird-inklusiv.de,Federal Agency,Bundesministerium für Arbeit und Soziales,,
dienstleistungszentrum.de,Federal Agency,Bundesverwaltungsamt,,
dienstreisezentrum.de,Federal Agency,Bundesverwaltungsamt,,
die-rente.com,Federal Agency,Bundesministerium für Arbeit und Soziales,,
die-rente.info,Federal Agency,Bundesministerium für Arbeit und Soziales,,
die-rente.net,Federal Agency,Bundesministerium für Arbeit und Soziales,,
die-rente.org,Federal Agency,Bundesministerium für Arbeit und Soziales,,
digitaleautobahn.de,Federal Agency,Bundesministerium für Verkehr und digitale Infrastruktur,,
digitales-testfeld-autobahn.de,Federal Agency,Bundesministerium für Verkehr und digitale Infrastruktur,,
digitalestestfeld.de,Federal Agency,Bundesministerium für Verkehr und digitale Infrastruktur,,
dimdi.de,Federal Agency,Deutsches Institut für Medizinische Dokumentation und Information,,
d-klip.de,Federal Agency,Deutscher Wetterdienst,,
doi-de.net,Federal Agency,Bundesverwaltungsamt,,
doi-sec-de.net,Federal Agency,Bundesverwaltungsamt,,
dpma.de,Federal Agency,Deutsches Patent- und Markenamt,,
dsd.online,Federal Agency,Bundesverwaltungsamt,,
dsd-weltweit.de,Federal Agency,Bundesverwaltungsamt,,
dta9.de,Federal Agency,Bundesministerium für Verkehr und digitale Infrastruktur,,
dvdv.de,Federal Agency,Bundesverwaltungsamt,,
dwd.bund.de,Federal Agency,Deutscher Wetterdienst,,
dwd.de,Federal Agency,Deutscher Wetterdienst,,
dwd.eu,Federal Agency,Deutscher Wetterdienst,,
dwd-shop.de,Federal Agency,Deutscher Wetterdienst,,
dwd-shop.eu,Federal Agency,Deutscher Wetterdienst,,
eba.bund.de,Federal Agency,Eisenbahn-Bundesamt,,
einfach-leichte-sprache.de,Federal Agency,Bundesministerium für Arbeit und Soziales,,
einfachteilhaben.de,Federal Agency,Bundesministerium für Arbeit und Soziales,,
einfachteilhaben.mobi,Federal Agency,Bundesministerium für Arbeit und Soziales,,
xn--einsatzfrarbeit-6vb.de,Federal Agency,Bundesministerium für Arbeit und Soziales,,
einsatzfuerarbeit.de,Federal Agency,Bundesministerium für Arbeit und Soziales,,
energie-fuer-morgen.de,Federal Agency,Bundesministerium für Verkehr und digitale Infrastruktur,,
equal.de,Federal Agency,Bundesministerium für Arbeit und Soziales,,
esa-cloud-cci.eu,Federal Agency,Deutscher Wetterdienst,,
esa-cloud-cci.info,Federal Agency,Deutscher Wetterdienst,,
esa-cloud-cci.net,Federal Agency,Deutscher Wetterdienst,,
esa-cloud-cci.org,Federal Agency,Deutscher Wetterdienst,,
esf.de,Federal Agency,Bundesministerium für Arbeit und Soziales,,
esf-foerderung.de,Federal Agency,Bundesministerium für Arbeit und Soziales,,
esf-in-deutschland.de,Federal Agency,Bundesministerium für Arbeit und Soziales,,
esf-meine-geschichte.de,Federal Agency,Bundesministerium für Arbeit und Soziales,,
esf-programm.de,Federal Agency,Bundesministerium für Arbeit und Soziales,,
fachkraefte-allianz.de,Federal Agency,Bundesministerium für Arbeit und Soziales,,
fachkraefteoffensive.de,Federal Agency,Bundesministerium für Arbeit und Soziales,,
fachkraeftewoche.de,Federal Agency,Bundesministerium für Arbeit und Soziales,,
xn--fachkrfte-allianz-vqb.de,Federal Agency,Bundesministerium für Arbeit und Soziales,,
xn--fachkrfteoffensive-qtb.de,Federal Agency,Bundesministerium für Arbeit und Soziales,,
xn--fachkrftewoche-bib.de,Federal Agency,Bundesministerium für Arbeit und Soziales,,
favorit.de,Federal Agency,Bundesverwaltungsamt,,
federal-ministry-of-finance.de,Federal Agency,Bundesministerium der Finanzen,,
finanzforscher.de,Federal Agency,Bundesministerium der Finanzen,,
fli.bund.de,Federal Agency,"Friedrich-Loeffler-Institut, Bundesforschungsinstitut für Tiergesundheit",,
flugmet.de,Federal Agency,Deutscher Wetterdienst,,
flugmet.eu,Federal Agency,Deutscher Wetterdienst,,
flugwetter-beratung.de,Federal Agency,Deutscher Wetterdienst,,
flugwetter.de,Federal Agency,Deutscher Wetterdienst,,
flugwetter.eu,Federal Agency,Deutscher Wetterdienst,,
foerdern-und-fordern.info,Federal Agency,Bundesministerium für Arbeit und Soziales,,
fondsheimkinder.de,Federal Agency,Bundesministerium für Arbeit und Soziales,,
fons-civitatis.de,Federal Agency,Bundesverwaltungsamt,,
xn--frdern-und-fordern-d3b.info,Federal Agency,Bundesministerium für Arbeit und Soziales,,
xn--freinlebenswertesland-8hc.de,Federal Agency,Bundesministerium für Arbeit und Soziales,,
fuereinlebenswertesland.de,Federal Agency,Bundesministerium für Arbeit und Soziales,,
gcos.de,Federal Agency,Deutscher Wetterdienst,,
gda-psyche.de,Federal Agency,Bundesministerium für Arbeit und Soziales,,
gemeinsam-einfach-machen.de,Federal Agency,Bundesministerium für Arbeit und Soziales,,
generalbundesanwalt.de,Federal Agency,Generalbundesanwalt beim Bundesgerichtshof,,
generationenarbeit.de,Federal Agency,Bundesministerium für Arbeit und Soziales,,
generationpraktikum.de,Federal Agency,Bundesministerium für Arbeit und Soziales,,
gesundheitswetter.eu,Federal Agency,Deutscher Wetterdienst,,
gisc-germany.eu,Federal Agency,Deutscher Wetterdienst,,
gisc-offenbach.eu,Federal Agency,Deutscher Wetterdienst,,
globalisierungsfonds.de,Federal Agency,Bundesministerium für Arbeit und Soziales,,
government-site-builder.de,Federal Agency,Bundesverwaltungsamt,,
gruan.org,Federal Agency,Deutscher Wetterdienst,,
gsnmc.eu,Federal Agency,Deutscher Wetterdienst,,
gute-arbeit-alleinerziehende.de,Federal Agency,Bundesministerium für Arbeit und Soziales,,
hartziv.de,Federal Agency,Bundesministerium für Arbeit und Soziales,,
heimkinder-fonds.de,Federal Agency,Bundesministerium für Arbeit und Soziales,,
hinzuverdienstrechner.de,Federal Agency,Bundesministerium für Arbeit und Soziales,,
ida.de,Federal Agency,Bundesministerium für Arbeit und Soziales,,
infrastrukturministerium.de,Federal Agency,Bundesministerium für Verkehr und digitale Infrastruktur,,
xn--initiative-fr-fachkraefte-qwc.de,Federal Agency,Bundesministerium für Arbeit und Soziales,,
xn--initiative-fr-fachkrfte-f8b50d.de,Federal Agency,Bundesministerium für Arbeit und Soziales,,
initiative-neue-qualitaet-der-arbeit.de,Federal Agency,Bundesministerium für Arbeit und Soziales,,
inklusionslandkarte.de,Federal Agency,Bundesministerium für Arbeit und Soziales,,
inqa-bestellservice.de,Federal Agency,Bundesministerium für Arbeit und Soziales,,
inqa-check.de,Federal Agency,Bundesministerium für Arbeit und Soziales,,
inqa-ddn.de,Federal Agency,Bundesministerium für Arbeit und Soziales,,
inqa.de,Federal Agency,Bundesministerium für Arbeit und Soziales,,
inqa-demografie.de,Federal Agency,Bundesministerium für Arbeit und Soziales,,
inqa-demographie.de,Federal Agency,Bundesministerium für Arbeit und Soziales,,
inqa-demographie-netzwerk.de,Federal Agency,Bundesministerium für Arbeit und Soziales,,
inqa-epoxibewertung.de,Federal Agency,Bundesministerium für Arbeit und Soziales,,
inqa-kmu.de,Federal Agency,Bundesministerium für Arbeit und Soziales,,
inqa-mittelstand.de,Federal Agency,Bundesministerium für Arbeit und Soziales,,
inqa-pflege.de,Federal Agency,Bundesministerium für Arbeit und Soziales,,
inqa-produktion.de,Federal Agency,Bundesministerium für Arbeit und Soziales,,
inqa-stress.de,Federal Agency,Bundesministerium für Arbeit und Soziales,,
isyfact.de,Federal Agency,Bundesverwaltungsamt,,
isyfact-standards.de,Federal Agency,Bundesverwaltungsamt,,
itzbund.de,Federal Agency,Informationstechnikzentrum Bund,,
iud.bundeswehr.de,Federal Agency,"Bundesamt für Infrastruktur, Umweltschutz und Dienstleistungen der Bundeswehr",,
jki.bund.de,Federal Agency,"Julius-Kühn Institut, Bundesforschungsinstitut für Kulturpflanzen",,
job3punkt0.de,Federal Agency,Bundesministerium für Arbeit und Soziales,,
job3punktnull.de,Federal Agency,Bundesministerium für Arbeit und Soziales,,
jobcenterreform.de,Federal Agency,Bundesministerium für Arbeit und Soziales,,
jobcenterservice.de,Federal Agency,Bundesministerium für Arbeit und Soziales,,
jobcentersuche.de,Federal Agency,Bundesministerium für Arbeit und Soziales,,
job-drei-null.de,Federal Agency,Bundesministerium für Arbeit und Soziales,,
jobdreipunktnull.de,Federal Agency,Bundesministerium für Arbeit und Soziales,,
jobsohnebarrieren.de,Federal Agency,Bundesministerium für Arbeit und Soziales,,
jugendinarbeit.de,Federal Agency,Bundesministerium für Arbeit und Soziales,,
kba.de,Federal Agency,Kraftfahrt-Bundesamt,,
kfw-foerderbank.de,Federal Agency,KfW-Kommunalbank,,
kkr.bund.de,Federal Agency,Kompetenzzentrum für das Kassen- und Rechnungswesen des Bundes,,
klimadaten.eu,Federal Agency,Deutscher Wetterdienst,,
klimadeutschland.de,Federal Agency,Deutscher Wetterdienst,,
klimagutachten.eu,Federal Agency,Deutscher Wetterdienst,,
klimamonitoring.de,Federal Agency,Deutscher Wetterdienst,,
klimaservices.de,Federal Agency,Deutscher Wetterdienst,,
klimaueberwachung.de,Federal Agency,Deutscher Wetterdienst,,
klimaueberwachung.eu,Federal Agency,Deutscher Wetterdienst,,
kliwas.de,Federal Agency,Deutscher Wetterdienst,,
kulturstaatsminister.de,Federal Agency,Die Beauftragte der Bundesregierung für Kultur und Medien,,
lba.de,Federal Agency,Luftfahrt-Bundesamt,,
lebenslagen-in-deutschland.de,Federal Agency,Bundesministerium für Arbeit und Soziales,,
leitfadeninklusion.de,Federal Agency,Bundesministerium für Arbeit und Soziales,,
lohntarifpaket.de,Federal Agency,Bundesministerium für Arbeit und Soziales,,
mad.bundeswehr.de,Federal Agency,Amt für den Militärischen Abschirmdienst,,
m.budget.bmas.de,Federal Agency,Bundesministerium für Arbeit und Soziales,,
medizinwetter.eu,Federal Agency,Deutscher Wetterdienst,,
meincomeback.de,Federal Agency,Bundesministerium für Arbeit und Soziales,,
mein-comeback.info,Federal Agency,Bundesministerium für Arbeit und Soziales,,
m.einfachteilhaben.de,Federal Agency,Bundesministerium für Arbeit und Soziales,,
meinmicrocredit.com,Federal Agency,Bundesministerium für Arbeit und Soziales,,
meinmicrocredit.de,Federal Agency,Bundesministerium für Arbeit und Soziales,,
meinmicrocredit.eu,Federal Agency,Bundesministerium für Arbeit und Soziales,,
mein-microkredit.com,Federal Agency,Bundesministerium für Arbeit und Soziales,,
meinmicrokredit.de,Federal Agency,Bundesministerium für Arbeit und Soziales,,
mein-microkredit.eu,Federal Agency,Bundesministerium für Arbeit und Soziales,,
meinmicrokredit.org,Federal Agency,Bundesministerium für Arbeit und Soziales,,
meinmikrocredit.com,Federal Agency,Bundesministerium für Arbeit und Soziales,,
meinmikrocredit.de,Federal Agency,Bundesministerium für Arbeit und Soziales,,
meinmikrocredit.eu,Federal Agency,Bundesministerium für Arbeit und Soziales,,
mein-mikrokredit.com,Federal Agency,Bundesministerium für Arbeit und Soziales,,
meinmikrokredit.de,Federal Agency,Bundesministerium für Arbeit und Soziales,,
mein-mikrokredit.eu,Federal Agency,Bundesministerium für Arbeit und Soziales,,
mein-mikrokredit.org,Federal Agency,Bundesministerium für Arbeit und Soziales,,
met4aviation.com,Federal Agency,Deutscher Wetterdienst,,
met4aviation.de,Federal Agency,Deutscher Wetterdienst,,
met4aviation.eu,Federal Agency,Deutscher Wetterdienst,,
met4pilot.com,Federal Agency,Deutscher Wetterdienst,,
met4pilot.de,Federal Agency,Deutscher Wetterdienst,,
met4pilot.eu,Federal Agency,Deutscher Wetterdienst,,
meteoalarm.de,Federal Agency,Deutscher Wetterdienst,,
metlis.eu,Federal Agency,Deutscher Wetterdienst,,
mindestlohn-gilt.de,Federal Agency,Bundesministerium für Arbeit und Soziales,,
mindestlohn-kommt.de,Federal Agency,Bundesministerium für Arbeit und Soziales,,
mindestlohn-wirkt.de,Federal Agency,Bundesministerium für Arbeit und Soziales,,
ministere-federal-des-finances.de,Federal Agency,Bundesministerium der Finanzen,,
mitneuemmut.de,Federal Agency,Bundesministerium für Arbeit und Soziales,,
mks-dialog.de,Federal Agency,Bundesministerium für Verkehr und digitale Infrastruktur,,
mobil.budget.bmas.de,Federal Agency,Bundesministerium für Arbeit und Soziales,,
mobil.einfachteilhaben.de,Federal Agency,Bundesministerium für Arbeit und Soziales,,
monitoring-esf.de,Federal Agency,Bundesministerium für Arbeit und Soziales,,
mo-ro.net,Federal Agency,Bundesministerium für Verkehr und digitale Infrastruktur,,
mo-ro.org,Federal Agency,Bundesministerium für Verkehr und digitale Infrastruktur,,
mri.bund.de,Federal Agency,"Max Rubner-Institut, Bundesforschungsinstitut für Ernährung und Lebensmittel",,
naturgefahrenforschung.de,Federal Agency,Deutscher Wetterdienst,,
netzallianzdeutschland.de,Federal Agency,Bundesministerium für Verkehr und digitale Infrastruktur,,
netzallianz-digitales-deutschland.de,Federal Agency,Bundesministerium für Verkehr und digitale Infrastruktur,,
netzwerk-alleinerziehende.de,Federal Agency,Bundesministerium für Arbeit und Soziales,,
netzwerke-alleinerziehende.de,Federal Agency,Bundesministerium für Arbeit und Soziales,,
neuekulturderarbeit.de,Federal Agency,Bundesministerium für Arbeit und Soziales,,
neue-qualitaet-der-arbeit.de,Federal Agency,Bundesministerium für Arbeit und Soziales,,
neues-jobcenter.de,Federal Agency,Bundesministerium für Arbeit und Soziales,,
oberpruefungsamt.de,Federal Agency,Bundesministerium für Verkehr und digitale Infrastruktur,,
ohnedichkeinwir.de,Federal Agency,Bundesministerium für Arbeit und Soziales,,
ombudsrad.de,Federal Agency,Bundesministerium für Arbeit und Soziales,,
ombudsrat.de,Federal Agency,Bundesministerium für Arbeit und Soziales,,
ombudsrat.info,Federal Agency,Bundesministerium für Arbeit und Soziales,,
ombudsrat.net,Federal Agency,Bundesministerium für Arbeit und Soziales,,
ombudsrat.org,Federal Agency,Bundesministerium für Arbeit und Soziales,,
orghandbuch.de,Federal Agency,Bundesverwaltungsamt,,
pcmet.com,Federal Agency,Deutscher Wetterdienst,,
pcmet.de,Federal Agency,Deutscher Wetterdienst,,
pc-met.eu,Federal Agency,Deutscher Wetterdienst,,
pei.de,Federal Agency,Paul Ehrlich Institut Bundesinstitut für Impfstoffe und biomedizinische Arzneimittel,,
personalausweisportal.de,Federal Agency,Bundesverwaltungsamt,,
pollenflugvorhersage.eu,Federal Agency,Deutscher Wetterdienst,,
projekt-persoenliches-budget.de,Federal Agency,Bundesministerium für Arbeit und Soziales,,
psyga-check.de,Federal Agency,Bundesministerium für Arbeit und Soziales,,
ptb.de,Federal Agency,Physikalisch-Technische Bundesanstalt,,
punktereform.de,Federal Agency,Bundesministerium für Verkehr und digitale Infrastruktur,,
radwegdeutscheeinheit.de,Federal Agency,Bundesministerium für Verkehr und digitale Infrastruktur,,
raps-benchmark.de,Federal Agency,Deutscher Wetterdienst,,
rccra6.org,Federal Agency,Deutscher Wetterdienst,,
registerfactory.de,Federal Agency,Bundesverwaltungsamt,,
rentenpaket.de,Federal Agency,Bundesministerium für Arbeit und Soziales,,
rentenreformpaket.de,Federal Agency,Bundesministerium für Arbeit und Soziales,,
rki.de,Federal Agency,Robert Koch-Institut,,
rth-offenbach.eu,Federal Agency,Deutscher Wetterdienst,,
seewis.de,Federal Agency,Deutscher Wetterdienst,,
seewis.eu,Federal Agency,Deutscher Wetterdienst,,
segelflugwetter.de,Federal Agency,Deutscher Wetterdienst,,
segelflugwetter.eu,Federal Agency,Deutscher Wetterdienst,,
selberhandeln.de,Federal Agency,Bundesministerium für Arbeit und Soziales,,
sgb2.com,Federal Agency,Bundesministerium für Arbeit und Soziales,,
sgb2.eu,Federal Agency,Bundesministerium für Arbeit und Soziales,,
sgb2.info,Federal Agency,Bundesministerium für Arbeit und Soziales,,
sgb2-kennzahlen.de,Federal Agency,Bundesministerium für Arbeit und Soziales,,
sgb2.net,Federal Agency,Bundesministerium für Arbeit und Soziales,,
sgb2.org,Federal Agency,Bundesministerium für Arbeit und Soziales,,
sgb2-reform.de,Federal Agency,Bundesministerium für Arbeit und Soziales,,
sgbii.com,Federal Agency,Bundesministerium für Arbeit und Soziales,,
sgbii.eu,Federal Agency,Bundesministerium für Arbeit und Soziales,,
sgbii-kennzahlen.de,Federal Agency,Bundesministerium für Arbeit und Soziales,,
sgbii.net,Federal Agency,Bundesministerium für Arbeit und Soziales,,
sgbii.org,Federal Agency,Bundesministerium für Arbeit und Soziales,,
sgbzwei.com,Federal Agency,Bundesministerium für Arbeit und Soziales,,
sgbzwei.de,Federal Agency,Bundesministerium für Arbeit und Soziales,,
sgbzwei.eu,Federal Agency,Bundesministerium für Arbeit und Soziales,,
sgbzwei.info,Federal Agency,Bundesministerium für Arbeit und Soziales,,
sgbzwei.net,Federal Agency,Bundesministerium für Arbeit und Soziales,,
sgbzwei.org,Federal Agency,Bundesministerium für Arbeit und Soziales,,
xn--sicher-selbstndig-2qb.de,Federal Agency,Bundesministerium für Arbeit und Soziales,,
so-klingt-europa.de,Federal Agency,Bundesministerium der Finanzen,,
sozialbeirat.de,Federal Agency,Bundesministerium für Arbeit und Soziales,,
soziale-entschaedigung.de,Federal Agency,Bundesministerium für Arbeit und Soziales,,
sozialministerium.eu,Federal Agency,Bundesministerium für Arbeit und Soziales,,
sozialpolitische-informationen.de,Federal Agency,Bundesministerium für Arbeit und Soziales,,
sozialversicherungswahlen.de,Federal Agency,Bundesministerium für Arbeit und Soziales,,
sozialwahl2011.de,Federal Agency,Bundesministerium für Arbeit und Soziales,,
stabile-finanzmaerkte.de,Federal Agency,Bundesministerium der Finanzen,,
stabile-haushalte.de,Federal Agency,Bundesministerium der Finanzen,,
stabiler-euro.de,Federal Agency,Bundesministerium der Finanzen,,
tagderjobcenter.de,Federal Agency,Bundesministerium für Arbeit und Soziales,,
technisches-referendariat.de,Federal Agency,Bundesministerium für Verkehr und digitale Infrastruktur,,
teilzeit-info.de,Federal Agency,Bundesministerium für Arbeit und Soziales,,
testa-de.net,Federal Agency,Bundesverwaltungsamt,,
the-unseen.org,Federal Agency,Bundesministerium für Arbeit und Soziales,,
tln-mobility.eu,Federal Agency,Bundesministerium für Arbeit und Soziales,,
trivis.de,Federal Agency,Deutscher Wetterdienst,,
umweltbundesamt.de,Federal Agency,Umweltbundesamt,,
un-behindertenrechtskonvention.de,Federal Agency,Bundesministerium für Arbeit und Soziales,,
uniohneabi.de,Federal Agency,Bundesministerium für Arbeit und Soziales,,
un-koordinierungsstelle.de,Federal Agency,Bundesministerium für Arbeit und Soziales,,
unsere-rente.com,Federal Agency,Bundesministerium für Arbeit und Soziales,,
unsere-rente.info,Federal Agency,Bundesministerium für Arbeit und Soziales,,
unternehmensservice-demografie.de,Federal Agency,Bundesministerium für Arbeit und Soziales,,
unternehmensservice-demographie.de,Federal Agency,Bundesministerium für Arbeit und Soziales,,
unternehmens-wert-mensch.de,Federal Agency,Bundesministerium für Arbeit und Soziales,,
usd-portal.de,Federal Agency,Bundesministerium für Arbeit und Soziales,,
uv-index.de,Federal Agency,Deutscher Wetterdienst,,
uv-index.eu,Federal Agency,Deutscher Wetterdienst,,
vereintaktiv.de,Federal Agency,Bundesministerium für Arbeit und Soziales,,
xn--vereint-fr-gemeinsame-bildung-tbd.de,Federal Agency,Bundesministerium für Arbeit und Soziales,,
xn--vereint-fr-gleiche-bildung-6zc.de,Federal Agency,Bundesministerium für Arbeit und Soziales,,
vereint-fuer-gemeinsame-bildung.de,Federal Agency,Bundesministerium für Arbeit und Soziales,,
vereint-fuer-gleiche-bildung.de,Federal Agency,Bundesministerium für Arbeit und Soziales,,
verfassungsschutz.de,Federal Agency,Bundesamt für Verfassungsschutz,,
verkehrsminister.de,Federal Agency,Bundesministerium für Verkehr und digitale Infrastruktur,,
verkehrsministerium.de,Federal Agency,Bundesministerium für Verkehr und digitale Infrastruktur,,
verwaltungsmodernisierung.de,Federal Agency,Bundesverwaltungsamt,,
verwaltungsservicezentrum.de,Federal Agency,Bundesverwaltungsamt,,
vgisc.eu,Federal Agency,Deutscher Wetterdienst,,
vier-punkt-null.de,Federal Agency,Bundesministerium für Arbeit und Soziales,,
v-modell-xt.de,Federal Agency,Bundesverwaltungsamt,,
vti.bund.de,Federal Agency,"Johann Heinrich von Thünen-Institut, Bundesforschungsinstitut für Ländliche Räume, Wald und Fischerei",,
was-ist-gute-arbeit.de,Federal Agency,Bundesministerium für Arbeit und Soziales,,
we-are-open.info,Federal Agency,Bundesministerium für Arbeit und Soziales,,
wettergefahren.de,Federal Agency,Deutscher Wetterdienst,,
wettergefahren.eu,Federal Agency,Deutscher Wetterdienst,,
wetterlexikon.eu,Federal Agency,Deutscher Wetterdienst,,
wetterwarnungen.eu,Federal Agency,Deutscher Wetterdienst,,
wiewerdenwirarbeiten.de,Federal Agency,Bundesministerium für Arbeit und Soziales,,
wiewollenwirarbeiten.de,Federal Agency,Bundesministerium für Arbeit und Soziales,,
willkommenindeutschland.info,Federal Agency,Bundesministerium für Arbeit und Soziales,,
wsv.de,Federal Agency,Generaldirektion Wasserstraßen und Schifffahrt,,
wwis.dwd.de,Federal Agency,Deutscher Wetterdienst,,
wwwbund.de,Federal Agency,Bundesverwaltungsamt,,
xenos-de.de,Federal Agency,Bundesministerium für Arbeit und Soziales,,
yesweareopen.de,Federal Agency,Bundesministerium für Arbeit und Soziales,,
yes-we-are-open.info,Federal Agency,Bundesministerium für Arbeit und Soziales,,
zielvereinbarungsregister.de,Federal Agency,Bundesministerium für Arbeit und Soziales,,
zoll.de,Federal Agency,Bundesministerium der Finanzen,,
zukunftbreitband.de,Federal Agency,Bundesministerium für Verkehr und digitale Infrastruktur,,
zuwes.de,Federal Agency,Bundesverwaltungsamt,,
aarbergen.de,City,Non-Federal Agency,Aarbergen,HE
abtsteinach.de,City,Non-Federal Agency,Abtsteinach,HE
ahnatal.de,City,Non-Federal Agency,Ahnatal,HE
alheim.de,City,Non-Federal Agency,Alheim,HE
allendorf-eder.de,City,Non-Federal Agency,Allendorf (Eder),HE
allendorf-lda.de,City,Non-Federal Agency,Allendorf (Lumda),HE
alsbach-haehnlein.de,City,Non-Federal Agency,Alsbach-Hähnlein,HE
alsfeld.de,City,Non-Federal Agency,Alsfeld,HE
altenstadt.de,City,Non-Federal Agency,Altenstadt,HE
amoeneburg.de,City,Non-Federal Agency,Amöneburg,HE
amt-roebel-mueritz.de,City,Non-Federal Agency,Schwarz,MV
amt-seenlandschaft-waren.de,City,Non-Federal Agency,Peenehagen,MV
amt-seenlandschaft-waren.de,City,Non-Federal Agency,Schloen-Dratow,MV
angelburg.de,City,Non-Federal Agency,Angelburg,HE
asslar.de,City,Non-Federal Agency,Aßlar,HE
aumuehle.de,City,Non-Federal Agency,Aumühle,SH
babenhausen.de,City,Non-Federal Agency,Babenhausen,HE
bad-arolsen.de,City,Non-Federal Agency,Bad Arolsen,HE
badelster.de,City,Non-Federal Agency,Bad Elster,SN
bad-ems.de,City,Non-Federal Agency,Bad Ems,RP
bad-emstal.de,City,Non-Federal Agency,Bad Emstal,HE
bad-hersfeld.de,City,Non-Federal Agency,Bad Hersfeld,HE
bad-hoenningen.de,City,Non-Federal Agency,Bad Hönningen,RP
bad-homburg.de,City,Non-Federal Agency,Bad Homburg vor der Höhe,HE
bad-karlshafen.de,City,Non-Federal Agency,Bad Karlshafen,HE
badkoenig.de,City,Non-Federal Agency,Bad König,HE
bad-orb.de,City,Non-Federal Agency,Bad Orb,HE
badsalzschlirf.de,City,Non-Federal Agency,Bad Salzschlirf,HE
bad-schwalbach.de,City,Non-Federal Agency,Bad Schwalbach,HE
bad-soden.de,City,Non-Federal Agency,Bad Soden am Taunus,HE
badsoden-salmuenster.de,City,Non-Federal Agency,Bad Soden-Salmünster,HE
bad-sooden-allendorf.de,City,Non-Federal Agency,Bad Sooden-Allendorf,HE
badsuelze.de,City,Non-Federal Agency,Bad Sülze,MV
bad-vilbel.de,City,Non-Federal Agency,Bad Vilbel,HE
bad-wildungen.de,City,Non-Federal Agency,Bad Wildungen,HE
bad-woerishofen.de,City,Non-Federal Agency,Bad Wörishofen,BY
badzwesten.de,City,Non-Federal Agency,Bad Zwesten,HE
battenberg-eder.de,City,Non-Federal Agency,Battenberg (Eder),HE
baunatal.de,City,Non-Federal Agency,Baunatal,HE
bebra.de,City,Non-Federal Agency,Bebra,HE
beckingen.de,City,Non-Federal Agency,Beckingen,SL
beerfelden.de,City,Non-Federal Agency,Beerfelden,HE
belgernschildau.de,City,Non-Federal Agency,Belgern-Schildau,SN
bensheim.de,City,Non-Federal Agency,Bensheim,HE
bergkirchen.de,City,Non-Federal Agency,Bergkirchen,BY
berkatal.de,City,Non-Federal Agency,Berkatal,HE
bernkastel.de,City,Non-Federal Agency,Bernkastel-Kues,RP
beselich.de,City,Non-Federal Agency,Beselich,HE
biblis.eu,City,Non-Federal Agency,Biblis,HE
bickenbach-bergstrasse.de,City,Non-Federal Agency,Bickenbach,HE
biebergemuend.de,City,Non-Federal Agency,Biebergemünd,HE
biebesheim.de,City,Non-Federal Agency,Biebesheim am Rhein,HE
biedenkopf.de,City,Non-Federal Agency,Biedenkopf,HE
birkenau.de,City,Non-Federal Agency,Birkenau,HE
birstein.de,City,Non-Federal Agency,Birstein,HE
bischoffen.de,City,Non-Federal Agency,Bischoffen,HE
bischofsheim.de,City,Non-Federal Agency,Bischofsheim,HE
bobritzsch-hilbersdorf.de,City,Non-Federal Agency,Bobritzsch-Hilbersdorf,SN
boppard.de,City,Non-Federal Agency,Boppard,RP
borken-hessen.de,City,Non-Federal Agency,Borken (Hessen),HE
borna.de,City,Non-Federal Agency,Borna,SN
bous.de,City,Non-Federal Agency,Bous,SL
braunfels.de,City,Non-Federal Agency,Braunfels,HE
breidenbach.de,City,Non-Federal Agency,Breidenbach,HE
breitenbach-am-herzberg.de,City,Non-Federal Agency,Breitenbach am Herzberg,HE
brensbach.de,City,Non-Federal Agency,Brensbach,HE
breuberg.de,City,Non-Federal Agency,Breuberg,HE
breuna.de,City,Non-Federal Agency,Breuna,HE
brombachtal.de,City,Non-Federal Agency,Brombachtal,HE
bromskirchen.de,City,Non-Federal Agency,Bromskirchen,HE
bruchkoebel.de,City,Non-Federal Agency,Bruchköbel,HE
buerstadt.de,City,Non-Federal Agency,Bürstadt,HE
buettelborn.de,City,Non-Federal Agency,Büttelborn,HE
buseck.de,City,Non-Federal Agency,Buseck,HE
calden.de,City,Non-Federal Agency,Calden,HE
chemnitz.de,City,Non-Federal Agency,Chemnitz,SN
coelbe.de,City,Non-Federal Agency,Cölbe,HE
cornberg.de,City,Non-Federal Agency,Cornberg,HE
dargun.de,City,Non-Federal Agency,Dargun,MV
dautphetal.de,City,Non-Federal Agency,Dautphetal,HE
dieburg.com,City,Non-Federal Agency,Dieburg,HE
diemelstadt.de,City,Non-Federal Agency,Diemelstadt,HE
dietzenbach.de,City,Non-Federal Agency,Dietzenbach,HE
dietzhoelztal.de,City,Non-Federal Agency,Dietzhölztal,HE
dillenburg.de,City,Non-Federal Agency,Dillenburg,HE
dillingen-saar.de,City,Non-Federal Agency,Dillingen/Saar,SL
dipperz.de,City,Non-Federal Agency,Dipperz,HE
dischingen.de,City,Non-Federal Agency,Dischingen,BW
dornburg.de,City,Non-Federal Agency,Dornburg,HE
driedorf.de,City,Non-Federal Agency,Driedorf,HE
ebersburg.de,City,Non-Federal Agency,Ebersburg,HE
ebsdorfergrund.de,City,Non-Federal Agency,Ebsdorfergrund,HE
echzell.de,City,Non-Federal Agency,Echzell,HE
edenkoben.de,City,Non-Federal Agency,Edenkoben,RP
edermuende.de,City,Non-Federal Agency,Edermünde,HE
edertal.de,City,Non-Federal Agency,Edertal,HE
egelsbach.de,City,Non-Federal Agency,Egelsbach,HE
ehringshausen.de,City,Non-Federal Agency,Ehringshausen,HE
eichenzell.de,City,Non-Federal Agency,Eichenzell,HE
einhausen.de,City,Non-Federal Agency,Einhausen,HE
eisenach.de,City,Non-Federal Agency,Eisenach,TH
elbe-havel-land.de,City,Non-Federal Agency,Wust-Fischbeck,ST
ellhofen.de,City,Non-Federal Agency,Ellhofen,BW
elmshorn.de,City,Non-Federal Agency,Elmshorn,SH
elz.de,City,Non-Federal Agency,Elz,HE
eppelborn.de,City,Non-Federal Agency,Eppelborn,SL
eppertshausen.de,City,Non-Federal Agency,Eppertshausen,HE
eppstein.de,City,Non-Federal Agency,Eppstein,HE
erbach.de,City,Non-Federal Agency,Erbach,HE
erdweg.de,City,Non-Federal Agency,Erdweg,BY
erlensee.de,City,Non-Federal Agency,Erlensee,HE
erzhausen.de,City,Non-Federal Agency,Erzhausen,HE
eschborn.de,City,Non-Federal Agency,Eschborn,HE
eschenburg.de,City,Non-Federal Agency,Eschenburg,HE
espenau.de,City,Non-Federal Agency,Espenau,HE
falkenberg-elster.de,City,Non-Federal Agency,Falkenberg/Elster,BB
feldatal.de,City,Non-Federal Agency,Feldatal,HE
felsberg.de,City,Non-Federal Agency,Felsberg,HE
fernwald.de,City,Non-Federal Agency,Fernwald,HE
final.fronhausen.de,City,Non-Federal Agency,Fronhausen,HE
fischbachtal.de,City,Non-Federal Agency,Fischbachtal,HE
flensburg.de,City,Non-Federal Agency,Flensburg,SH
flieden.de,City,Non-Federal Agency,Flieden,HE
floersbachtal.de,City,Non-Federal Agency,Flörsbachtal,HE
floersheim-main.de,City,Non-Federal Agency,Flörsheim am Main,HE
florstadt.de,City,Non-Federal Agency,Florstadt,HE
fraenkisch-crumbach.de,City,Non-Federal Agency,Fränkisch-Crumbach,HE
frankenau.de,City,Non-Federal Agency,Frankenau,HE
frankenberg.de,City,Non-Federal Agency,Frankenberg (Eder),HE
frankenthal.de,City,Non-Federal Agency,Frankenthal (Pfalz),RP
freiensteinau.de,City,Non-Federal Agency,Freiensteinau,HE
freigericht.de,City,Non-Federal Agency,Freigericht,HE
freisen.de,City,Non-Federal Agency,Freisen,SL
friedberg-hessen.de,City,Non-Federal Agency,Friedberg (Hessen),HE
friedrichsdorf.de,City,Non-Federal Agency,Friedrichsdorf,HE
friedrichsthal.de,City,Non-Federal Agency,Friedrichsthal,SL
frielendorf.de,City,Non-Federal Agency,Frielendorf,HE
fritzlar.de,City,Non-Federal Agency,Fritzlar,HE
fuldabrueck.de,City,Non-Federal Agency,Fuldabrück,HE
fuldatal.de,City,Non-Federal Agency,Fuldatal,HE
gedern.de,City,Non-Federal Agency,Gedern,HE
geisenheim.de,City,Non-Federal Agency,Geisenheim,HE
gelnhausen.de,City,Non-Federal Agency,Gelnhausen,HE
gemeinde-boerdeaue.de,City,Non-Federal Agency,Bördeaue,ST
gemeinde-brachttal.de,City,Non-Federal Agency,Brachttal,HE
gemeinde-brechen.de,City,Non-Federal Agency,Brechen,HE
gemeinde-breitscheid.de,City,Non-Federal Agency,Breitscheid,HE
gemeinde-elbtal.de,City,Non-Federal Agency,Elbtal,HE
gemeinde-ensdorf.de,City,Non-Federal Agency,Ensdorf,SL
gemeinde-friedewald.de,City,Non-Federal Agency,Friedewald,HE
gemeinde-fuerth.de,City,Non-Federal Agency,Fürth,HE
gemeinde-gutenborn.info,City,Non-Federal Agency,Gutenborn,ST
gemeinde-helsa.de,City,Non-Federal Agency,Helsa,HE
gemeinde-hosenfeld.de,City,Non-Federal Agency,Hosenfeld,HE
gemeinde-huenstetten.de,City,Non-Federal Agency,Hünstetten,HE
gemeinde-jesberg.de,City,Non-Federal Agency,Jesberg,HE
gemeinde-kalbach.de,City,Non-Federal Agency,Kalbach,HE
gemeinde-kefenrod.de,City,Non-Federal Agency,Kefenrod,HE
gemeinde-loehnberg.de,City,Non-Federal Agency,Löhnberg,HE
gemeinde-meissner.de,City,Non-Federal Agency,Meißner,HE
gemeinde-muecke.de,City,Non-Federal Agency,Mücke,HE
gemeinde-muenchhausen.de,City,Non-Federal Agency,Münchhausen,HE
gemeinde-nordharz.de,City,Non-Federal Agency,Nordharz,ST
gemeinde-reiskirchen.de,City,Non-Federal Agency,Reiskirchen,HE
gemeinde-schauenburg.de,City,Non-Federal Agency,Schauenburg,HE
gemeindesinn.de,City,Non-Federal Agency,Sinn,HE
gemeinde-waldems.de,City,Non-Federal Agency,Waldems,HE
gemeinde-wangen.de,City,Non-Federal Agency,Wangen,BW
gemeinde-wartenberg.de,City,Non-Federal Agency,Wartenberg,HE
gemeinde-weinbach.de,City,Non-Federal Agency,Weinbach,HE
gemeinde-weissenborn.de,City,Non-Federal Agency,Weißenborn,HE
gemuenden-felda.de,City,Non-Federal Agency,Gemünden (Felda),HE
gera.de,City,Non-Federal Agency,Gera,TH
gernsheim.de,City,Non-Federal Agency,Gernsheim,HE
gersfeld.de,City,Non-Federal Agency,Gersfeld (Rhön),HE
gerstetten.de,City,Non-Federal Agency,Gerstetten,BW
giessen.de,City,Non-Federal Agency,Gießen,HE
gilserberg.de,City,Non-Federal Agency,Gilserberg,HE
ginsheim-gustavsburg.de,City,Non-Federal Agency,Ginsheim-Gustavsburg,HE
gladenbach.de,City,Non-Federal Agency,Gladenbach,HE
glauburg.de,City,Non-Federal Agency,Glauburg,HE
glauchau.de,City,Non-Federal Agency,Glauchau,SN
gorxheimertal.de,City,Non-Federal Agency,Gorxheimertal,HE
graevenwiesbach.de,City,Non-Federal Agency,Grävenwiesbach,HE
grasellenbach.de,City,Non-Federal Agency,Grasellenbach,HE
grebenau.de,City,Non-Federal Agency,Grebenau,HE
grebenhain.de,City,Non-Federal Agency,Grebenhain,HE
greifenstein.de,City,Non-Federal Agency,Greifenstein,HE
greifswald.de,City,Non-Federal Agency,Greifswald,MV
griesheim.de,City,Non-Federal Agency,Griesheim,HE
grimma.de,City,Non-Federal Agency,Grimma,SN
groemitz.eu,City,Non-Federal Agency,Kellenhusen,SH
grossalmerode.de,City,Non-Federal Agency,Großalmerode,HE
gross-bieberau.de,City,Non-Federal Agency,Groß-Bieberau,HE
grossenlueder.de,City,Non-Federal Agency,Großenlüder,HE
gross-gerau.de,City,Non-Federal Agency,Groß-Gerau,HE
grosskrotzenburg.de,City,Non-Federal Agency,Großkrotzenburg,HE
gross-rohrheim.de,City,Non-Federal Agency,Groß-Rohrheim,HE
grossrosseln.de,City,Non-Federal Agency,Großrosseln,SL
gross-umstadt.de,City,Non-Federal Agency,Groß-Umstadt,HE
gross-zimmern.de,City,Non-Federal Agency,Groß-Zimmern,HE
gruenberg.de,City,Non-Federal Agency,Grünberg,HE
gruendau.de,City,Non-Federal Agency,Gründau,HE
guxhagen.de,City,Non-Federal Agency,Guxhagen,HE
habichtswald.de,City,Non-Federal Agency,Habichtswald,HE
hadamar.de,City,Non-Federal Agency,Hadamar,HE
haiger.de,City,Non-Federal Agency,Haiger,HE
haimhausen.de,City,Non-Federal Agency,Haimhausen,BY
hainburg.de,City,Non-Federal Agency,Hainburg,HE
halsbruecke.de,City,Non-Federal Agency,Halsbrücke,SN
hammersbach.de,City,Non-Federal Agency,Hammersbach,HE
hasselroth.de,City,Non-Federal Agency,Hasselroth,HE
hattersheim.de,City,Non-Federal Agency,Hattersheim am Main,HE
hatzfeld-eder.de,City,Non-Federal Agency,Hatzfeld (Eder),HE
haunetal.de,City,Non-Federal Agency,Haunetal,HE
hebertshausen.de,City,Non-Federal Agency,Hebertshausen,BY
heidelberg.de,City,Non-Federal Agency,Heidelberg,BW
heidenrod.de,City,Non-Federal Agency,Heidenrod,HE
heilbronn.de,City,Non-Federal Agency,Heilbronn,BW
heppenheim.de,City,Non-Federal Agency,Heppenheim (Bergstraße),HE
herborn.de,City,Non-Federal Agency,Herborn,HE
herbrechtingen.de,City,Non-Federal Agency,Herbrechtingen,BW
herbstein.de,City,Non-Federal Agency,Herbstein,HE
heringen.de,City,Non-Federal Agency,Heringen (Werra),HE
herleshausen.de,City,Non-Federal Agency,Herleshausen,HE
hesseneck-odenwald.de,City,Non-Federal Agency,Hesseneck,HE
hessisch-lichtenau.de,City,Non-Federal Agency,Hessisch Lichtenau,HE
heusweiler.de,City,Non-Federal Agency,Heusweiler,SL
hilders.de,City,Non-Federal Agency,Hilders,HE
hirschhorn.de,City,Non-Federal Agency,Hirschhorn (Neckar),HE
hirzenhain.de,City,Non-Federal Agency,Hirzenhain,HE
hochheim.de,City,Non-Federal Agency,Hochheim am Main,HE
hoechst-i-odw.de,City,Non-Federal Agency,Höchst im Odenwald,HE
hofbieber.de,City,Non-Federal Agency,Hofbieber,HE
hofbieber-tourismus.de,City,Non-Federal Agency,Hofbieber,HE
hofgeismar.de,City,Non-Federal Agency,Hofgeismar,HE
hofheim.de,City,Non-Federal Agency,Hofheim am Taunus,HE
hohenahr.de,City,Non-Federal Agency,Hohenahr,HE
hohenroda.de,City,Non-Federal Agency,Hohenroda,HE
hohenstein-hessen.de,City,Non-Federal Agency,Hohenstein,HE
homberg-efze.eu,City,Non-Federal Agency,Homberg (Efze),HE
homberg-ohm.de,City,Non-Federal Agency,Homberg (Ohm),HE
huenfeld.de,City,Non-Federal Agency,Hünfeld,HE
huenfelden.de,City,Non-Federal Agency,Hünfelden,HE
huettenberg.de,City,Non-Federal Agency,Hüttenberg,HE
idstein.de,City,Non-Federal Agency,Idstein,HE
immenhausen.de,City,Non-Federal Agency,Immenhausen,HE
ingelheim.de,City,Non-Federal Agency,Ingelheim am Rhein,RP
jossgrund.de,City,Non-Federal Agency,Jossgrund,HE
kaiserslautern.de,City,Non-Federal Agency,Kaiserslautern,RP
karlshagen.de,City,Non-Federal Agency,Karlshagen,MV
kaufungen.eu,City,Non-Federal Agency,Kaufungen,HE
kelkheim.de,City,Non-Federal Agency,Kelkheim (Taunus),HE
kelsterbach.de,City,Non-Federal Agency,Kelsterbach,HE
kiedrich.de,City,Non-Federal Agency,Kiedrich,HE
kiel.de,City,Non-Federal Agency,Kiel,SH
kirchheim.de,City,Non-Federal Agency,Kirchheim,HE
kirn.de,City,Non-Federal Agency,Kirn,RP
kleinblittersdorf.de,City,Non-Federal Agency,Kleinblittersdorf,SL
knuellwald.de,City,Non-Federal Agency,Knüllwald,HE
koelleda.de,City,Non-Federal Agency,Kölleda,TH
koerle.de,City,Non-Federal Agency,Körle,HE
krefeld.de,City,Non-Federal Agency,Krefeld,NW
kriftel.de,City,Non-Federal Agency,Kriftel,HE
kuenzell.de,City,Non-Federal Agency,Künzell,HE
lahnau.de,City,Non-Federal Agency,Lahnau,HE
lahntal.de,City,Non-Federal Agency,Lahntal,HE
lampertheim.de,City,Non-Federal Agency,Lampertheim,HE
landau.de,City,Non-Federal Agency,Landau in der Pfalz,RP
langenselbold.de,City,Non-Federal Agency,Langenselbold,HE
langgoens.de,City,Non-Federal Agency,Langgöns,HE
laubach-online.de,City,Non-Federal Agency,Laubach,HE
lauterbach-hessen.de,City,Non-Federal Agency,Lauterbach (Hessen),HE
lauter-bernsbach.de,City,Non-Federal Agency,Lauter-Bernsbach,SN
lautertal.de,City,Non-Federal Agency,Lautertal (Odenwald),HE
lautertal-vogelsberg.de,City,Non-Federal Agency,Lautertal (Vogelsberg),HE
lebach.de,City,Non-Federal Agency,Lebach,SL
leun.de,City,Non-Federal Agency,Leun,HE
lich.de,City,Non-Federal Agency,Lich,HE
liederbach.eu,City,Non-Federal Agency,Liederbach am Taunus,HE
limeshain.de,City,Non-Federal Agency,Limeshain,HE
linden.de,City,Non-Federal Agency,Linden,HE
lindenfels.de,City,Non-Federal Agency,Lindenfels,HE
linsengericht.de,City,Non-Federal Agency,Linsengericht,HE
lohfelden.de,City,Non-Federal Agency,Lohfelden,HE
lohra.de,City,Non-Federal Agency,Lohra,HE
lollar.de,City,Non-Federal Agency,Lollar,HE
lorsch.de,City,Non-Federal Agency,Lorsch,HE
losheim-stausee.de,City,Non-Federal Agency,Losheim am See,SL
lossatal.eu,City,Non-Federal Agency,Lossatal,SN
ludwigsau.de,City,Non-Federal Agency,Ludwigsau,HE
luetzelbach.de,City,Non-Federal Agency,Lützelbach,HE
mainhausen.de,City,Non-Federal Agency,Mainhausen,HE
maintal.de,City,Non-Federal Agency,Maintal,HE
malsfeld.eu,City,Non-Federal Agency,Malsfeld,HE
mandelbachtal.de,City,Non-Federal Agency,Mandelbachtal,SL
mannheim.de,City,Non-Federal Agency,Mannheim,BW
marktflecken-villmar.de,City,Non-Federal Agency,Villmar,HE
markt-indersdorf.de,City,Non-Federal Agency,Markt Indersdorf,BY
marpingen.de,City,Non-Federal Agency,Marpingen,SL
melsungen.de,City,Non-Federal Agency,Melsungen,HE
mengerskirchen.de,City,Non-Federal Agency,Mengerskirchen,HE
merchweiler.de,City,Non-Federal Agency,Merchweiler,SL
merzig.de,City,Non-Federal Agency,Merzig,SL
messel.de,City,Non-Federal Agency,Messel,HE
mettlach.de,City,Non-Federal Agency,Mettlach,SL
meura.de,City,Non-Federal Agency,Meura,TH
michelstadt.de,City,Non-Federal Agency,Michelstadt,HE
mittenaar.de,City,Non-Federal Agency,Mittenaar,HE
modautal.de,City,Non-Federal Agency,Modautal,HE
moenchengladbach.de,City,Non-Federal Agency,Mönchengladbach,NW
moerfelden-walldorf.de,City,Non-Federal Agency,Mörfelden-Walldorf,HE
moerlenbach.de,City,Non-Federal Agency,Mörlenbach,HE
monschau.de,City,Non-Federal Agency,Monschau,NW
morschen.de,City,Non-Federal Agency,Morschen,HE
mossautal.de,City,Non-Federal Agency,Mossautal,HE
muehlheim.de,City,Non-Federal Agency,Mühlheim am Main,HE
muehltal.de,City,Non-Federal Agency,Mühltal,HE
muenster.de,City,Non-Federal Agency,Münster,NW
muenster-hessen.de,City,Non-Federal Agency,Münster,HE
muenzenberg.de,City,Non-Federal Agency,Münzenberg,HE
nalbach.de,City,Non-Federal Agency,Nalbach,SL
namborn.de,City,Non-Federal Agency,Namborn,SL
nattheim.de,City,Non-Federal Agency,Nattheim,BW
nauheim.de,City,Non-Federal Agency,Nauheim,HE
neckarsteinach.com,City,Non-Federal Agency,Neckarsteinach,HE
nentershausen.de,City,Non-Federal Agency,Nentershausen,HE
neuberg.eu,City,Non-Federal Agency,Neuberg,HE
neu-eichenberg.de,City,Non-Federal Agency,Neu-Eichenberg,HE
neu-isenburg.de,City,Non-Federal Agency,Neu-Isenburg,HE
neukirchen.de,City,Non-Federal Agency,Neukirchen,HE
neumuenster.de,City,Non-Federal Agency,Neumünster,SH
neunkirchen.de,City,Non-Federal Agency,Neunkirchen,SL
neustadt.eu,City,Non-Federal Agency,Neustadt an der Weinstraße,RP
nhf.de,City,Non-Federal Agency,Neuhof,HE
niddatal.de,City,Non-Federal Agency,Niddatal,HE
niedenstein.de,City,Non-Federal Agency,Niedenstein,HE
niederaula.de,City,Non-Federal Agency,Niederaula,HE
niederdorfelden.de,City,Non-Federal Agency,Niederdorfelden,HE
niedernhausen.de,City,Non-Federal Agency,Niedernhausen,HE
nieste.de,City,Non-Federal Agency,Nieste,HE
niestetal.de,City,Non-Federal Agency,Niestetal,HE
nuesttal.de,City,Non-Federal Agency,Nüsttal,HE
oberaula.de,City,Non-Federal Agency,Oberaula,HE
ober-moerlen.de,City,Non-Federal Agency,Ober-Mörlen,HE
ober-ramstadt.de,City,Non-Federal Agency,Ober-Ramstadt,HE
oberthal.de,City,Non-Federal Agency,Oberthal,SL
obertshausen.de,City,Non-Federal Agency,Obertshausen,HE
oberweser.de,City,Non-Federal Agency,Oberweser,HE
odelzhausen.de,City,Non-Federal Agency,Odelzhausen,BY
oestrich-winkel.de,City,Non-Federal Agency,Oestrich-Winkel,HE
ortenberg.net,City,Non-Federal Agency,Ortenberg,HE
ottendorf.de,City,Non-Federal Agency,Ottendorf,SH
ottrau.de,City,Non-Federal Agency,Ottrau,HE
ottweiler.de,City,Non-Federal Agency,Ottweiler,SL
otzberg.de,City,Non-Federal Agency,Otzberg,HE
peitz.de,City,Non-Federal Agency,Peitz,BB
penzlin.de,City,Non-Federal Agency,Penzlin,MV
penzliner-land.de,City,Non-Federal Agency,Kuckssee,MV
perl-mosel.de,City,Non-Federal Agency,Perl,SL
petersberg.de,City,Non-Federal Agency,Petersberg,HE
petershausen.de,City,Non-Federal Agency,Petershausen,BY
pfungstadt.de,City,Non-Federal Agency,Pfungstadt,HE
philippsthal.de,City,Non-Federal Agency,Philippsthal (Werra),HE
pirmasens.de,City,Non-Federal Agency,Pirmasens,RP
pohlheim.de,City,Non-Federal Agency,Pohlheim,HE
poppenhausen-wasserkuppe.de,City,Non-Federal Agency,Poppenhausen (Wasserkuppe),HE
puettlingen.de,City,Non-Federal Agency,Püttlingen,SL
quierschied.de,City,Non-Federal Agency,Quierschied,SL
rabenau.de,City,Non-Federal Agency,Rabenau,HE
ranstadt.de,City,Non-Federal Agency,Ranstadt,HE
rasdorf.de,City,Non-Federal Agency,Rasdorf,HE
rathaus-willingen.de,City,Non-Federal Agency,Willingen (Upland),HE
raunheim.de,City,Non-Federal Agency,Raunheim,HE
rauschenberg.de,City,Non-Federal Agency,Rauschenberg,HE
ravensburg.de,City,Non-Federal Agency,Ravensburg,BW
rehlingen-siersburg.de,City,Non-Federal Agency,Rehlingen-Siersburg,SL
reichelsheim.de,City,Non-Federal Agency,Reichelsheim (Odenwald),HE
reinhardshagen.de,City,Non-Federal Agency,Reinhardshagen,HE
reinheim.de,City,Non-Federal Agency,Reinheim,HE
reutlingen.de,City,Non-Federal Agency,Reutlingen,BW
riedstadt.de,City,Non-Federal Agency,Riedstadt,HE
riegelsberg.eu,City,Non-Federal Agency,Riegelsberg,SL
rimbach-odw.de,City,Non-Federal Agency,Rimbach,HE
ringgau.de,City,Non-Federal Agency,Ringgau,HE
rodgau.de,City,Non-Federal Agency,Rodgau,HE
roedermark.de,City,Non-Federal Agency,Rödermark,HE
rohrbach-schwarzatal.de,City,Non-Federal Agency,Rohrbach,TH
romrod.de,City,Non-Federal Agency,Romrod,HE
ronneburg.eu,City,Non-Federal Agency,Ronneburg,HE
ronshausen.de,City,Non-Federal Agency,Ronshausen,HE
rosbach-hessen.de,City,Non-Federal Agency,Rosbach vor der Höhe,HE
rossdorf.de,City,Non-Federal Agency,Roßdorf,HE
rotenburg.de,City,Non-Federal Agency,Rotenburg an der Fulda,HE
rothenberg-odw.eu,City,Non-Federal Agency,Rothenberg,HE
rudolstadt.de,City,Non-Federal Agency,Rudolstadt,TH
ruedesheim.de,City,Non-Federal Agency,Rüdesheim am Rhein,HE
runkel-lahn.de,City,Non-Federal Agency,Runkel,HE
saarbruecken.de,City,Non-Federal Agency,Saarbrücken,SL
saarlouis.de,City,Non-Federal Agency,Saarlouis,SL
saarwellingen.de,City,Non-Federal Agency,Saarwellingen,SL
sankt-wendel.de,City,Non-Federal Agency,St. Wendel,SL
schaafheim.de,City,Non-Federal Agency,Schaafheim,HE
schenklengsfeld.de,City,Non-Federal Agency,Schenklengsfeld,HE
schifferstadt.de,City,Non-Federal Agency,Schifferstadt,RP
schiffweiler.de,City,Non-Federal Agency,Schiffweiler,SL
schlangenbad.de,City,Non-Federal Agency,Schlangenbad,HE
schlitz.de,City,Non-Federal Agency,Schlitz,HE
schluechtern.de,City,Non-Federal Agency,Schlüchtern,HE
schmelz.de,City,Non-Federal Agency,Schmelz,SL
schoeffengrund.de,City,Non-Federal Agency,Schöffengrund,HE
schoeneck.de,City,Non-Federal Agency,Schöneck,HE
schotten.de,City,Non-Federal Agency,Schotten,HE
schrecksbach.de,City,Non-Federal Agency,Schrecksbach,HE
schwalbach.de,City,Non-Federal Agency,Schwalbach am Taunus,HE
schwalmstadt.de,City,Non-Federal Agency,Schwalmstadt,HE
schwalmtal-hessen.de,City,Non-Federal Agency,Schwalmtal,HE
schwarzenborn.de,City,Non-Federal Agency,Schwarzenborn,HE
seebad-trassenheide.de,City,Non-Federal Agency,Trassenheide,MV
seeheim-jugenheim.de,City,Non-Federal Agency,Seeheim-Jugenheim,HE
seligenstadt.de,City,Non-Federal Agency,Seligenstadt,HE
selters-taunus.de,City,Non-Federal Agency,Selters (Taunus),HE
sensbachtal.de,City,Non-Federal Agency,Sensbachtal,HE
siegbach.de,City,Non-Federal Agency,Siegbach,HE
sinntal.de,City,Non-Federal Agency,Sinntal,HE
soehrewald.de,City,Non-Federal Agency,Söhrewald,HE
solms.de,City,Non-Federal Agency,Solms,HE
sommersdorf.de,City,Non-Federal Agency,Sommersdorf,ST
sontheim-brenz.de,City,Non-Federal Agency,Sontheim an der Brenz,BW
sontra.de,City,Non-Federal Agency,Sontra,HE
spangenberg.de,City,Non-Federal Agency,Spangenberg,HE
speyer.de,City,Non-Federal Agency,Speyer,RP
spiesen-elversberg.info,City,Non-Federal Agency,Spiesen-Elversberg,SL
stadtallendorf.de,City,Non-Federal Agency,Stadtallendorf,HE
stadt-brueel.de,City,Non-Federal Agency,Brüel,MV
stadt-buedingen.de,City,Non-Federal Agency,Büdingen,HE
stadt-butzbach.de,City,Non-Federal Agency,Butzbach,HE
stadt-grebenstein.de,City,Non-Federal Agency,Grebenstein,HE
stadt-kastellaun.de,City,Non-Federal Agency,Michelbach,RP
stadt-kirtorf.de,City,Non-Federal Agency,Kirtorf,HE
stadt-lichtenfels.de,City,Non-Federal Agency,Lichtenfels,HE
stadt-liebenau.de,City,Non-Federal Agency,Liebenau,HE
stadt-lorch-rheingau.de,City,Non-Federal Agency,Lorch,HE
stadtludwigslust.de,City,Non-Federal Agency,Ludwigslust,MV
stadt-nebra.de,City,Non-Federal Agency,Nebra,ST
stadt-neustadt-hessen.de,City,Non-Federal Agency,Neustadt (Hessen),HE
stadt-reichelsheim.de,City,Non-Federal Agency,Reichelsheim (Wetterau),HE
stadt-steinbach.de,City,Non-Federal Agency,Steinbach (Taunus),HE
stadt-sulzbach.de,City,Non-Federal Agency,Sulzbach/Saar,SL
stadt-waechtersbach.de,City,Non-Federal Agency,Wächtersbach,HE
staufenberg.de,City,Non-Federal Agency,Staufenberg,HE
stavenhagen.de,City,Non-Federal Agency,Stavenhagen,MV
steinau.de,City,Non-Federal Agency,Steinau an der Straße,HE
steinheim.com,City,Non-Federal Agency,Steinheim am Albuch,BW
stockstadt.de,City,Non-Federal Agency,Stockstadt am Rhein,HE
stralsund.de,City,Non-Federal Agency,Stralsund,MV
suedeifelinfo.de,City,Non-Federal Agency,Irrel,RP
suhltrifft.de,City,Non-Federal Agency,Suhl,TH
sulzbach-taunus.de,City,Non-Federal Agency,Sulzbach (Taunus),HE
tann-rhoen.de,City,Non-Federal Agency,Tann (Rhön),HE
taunusstein.de,City,Non-Federal Agency,Taunusstein,HE
tholey.de,City,Non-Federal Agency,Tholey,SL
torgau.eu,City,Non-Federal Agency,Torgau,SN
tourismus.hochheim.de,City,Non-Federal Agency,Hochheim am Main,HE
trebur.de,City,Non-Federal Agency,Trebur,HE
trendelburg.de,City,Non-Federal Agency,Trendelburg,HE
twistetal.de,City,Non-Federal Agency,Twistetal,HE
ueberherrn.de,City,Non-Federal Agency,Überherrn,SL
ulm.de,City,Non-Federal Agency,Ulm,BW
ulrichstein.de,City,Non-Federal Agency,Ulrichstein,HE
vellmar.de,City,Non-Federal Agency,Vellmar,HE
vg-altenkirchen.de,City,Non-Federal Agency,Altenkirchen (Westerwald),RP
vg-nesseaue.de,City,Non-Federal Agency,Pferdingsleben,TH
viernheim.de,City,Non-Federal Agency,Viernheim,HE
voehl.de,City,Non-Federal Agency,Vöhl,HE
voelklingen.de,City,Non-Federal Agency,Völklingen,SL
volkmarsen.de,City,Non-Federal Agency,Volkmarsen,HE
wabern.de,City,Non-Federal Agency,Wabern,HE
wadgassen.de,City,Non-Federal Agency,Wadgassen,SL
wahlsburg.de,City,Non-Federal Agency,Wahlsburg,HE
waldbrunn.de,City,Non-Federal Agency,Waldbrunn (Westerwald),HE
waldeck-stadt.de,City,Non-Federal Agency,Waldeck,HE
waldkappel.de,City,Non-Federal Agency,Waldkappel,HE
wald-michelbach.de,City,Non-Federal Agency,Wald-Michelbach,HE
waldsolms.de,City,Non-Federal Agency,Waldsolms,HE
walluf.de,City,Non-Federal Agency,Walluf,HE
wanfried.de,City,Non-Federal Agency,Wanfried,HE
wangerland-online.de,City,Non-Federal Agency,Wangerland,NI
wanzleben-boerde.de,City,Non-Federal Agency,Wanzleben-Börde,ST
wehretal.de,City,Non-Federal Agency,Wehretal,HE
wehrheim.de,City,Non-Federal Agency,Wehrheim,HE
weilburg.de,City,Non-Federal Agency,Weilburg,HE
weimar.de,City,Non-Federal Agency,Weimar,TH
weimar-lahn.de,City,Non-Federal Agency,Weimar (Lahn),HE
weiskirchen.de,City,Non-Federal Agency,Weiskirchen,SL
weissenfels.de,City,Non-Federal Agency,Weißenfels,ST
weisswasser.de,City,Non-Federal Agency,Weißwasser/O.L.,SN
weiterstadt.de,City,Non-Federal Agency,Weiterstadt,HE
wettenberg.de,City,Non-Federal Agency,Wettenberg,HE
wetzlar.de,City,Non-Federal Agency,Wetzlar,HE
wildeck.de,City,Non-Federal Agency,Wildeck,HE
willingshausen.de,City,Non-Federal Agency,Willingshausen,HE
wilsecker.de,City,Non-Federal Agency,Wilsecker,RP
woelfersheim.de,City,Non-Federal Agency,Wölfersheim,HE
woellstadt.de,City,Non-Federal Agency,Wöllstadt,HE
wohratal.de,City,Non-Federal Agency,Wohratal,HE
wolfhagen.de,City,Non-Federal Agency,Wolfhagen,HE
worms.de,City,Non-Federal Agency,Worms,RP
zierenberg.org,City,Non-Federal Agency,Zierenberg,HE
zwingenberg.de,City,Non-Federal Agency,Zwingenberg,HE
